{"v":"5.5.2","fr":24,"ip":0,"op":37,"w":414,"h":736,"nm":"Circle_Ripple","ddd":0,"assets":[],"layers":[{"ddd":0,"ind":1,"ty":9,"nm":"Ellipse_24","sr":1,"ks":{"o":{"a":0,"k":100,"ix":11},"r":{"a":0,"k":0,"ix":10},"p":{"a":0,"k":[207,368,0],"ix":2},"a":{"a":0,"k":[207,368,0],"ix":1},"s":{"a":0,"k":[100,100,100],"ix":6}},"ao":0,"ip":0,"op":37,"st":0,"bm":0},{"ddd":0,"ind":2,"ty":9,"nm":"Ellipse_25","sr":1,"ks":{"o":{"a":0,"k":100,"ix":11},"r":{"a":0,"k":0,"ix":10},"p":{"a":0,"k":[207,368,0],"ix":2},"a":{"a":0,"k":[207,368,0],"ix":1},"s":{"a":0,"k":[100,100,100],"ix":6}},"ao":0,"ip":0,"op":37,"st":0,"bm":0}],"markers":[]}